<?xml version="1.0" encoding="utf-8"?>
<!DOCTYPE hibernate-mapping PUBLIC
 "-//Hibernate/Hibernate Mapping DTD//EN" "http://www.hibernate.org/dtd/hibernate-mapping-3.0.dtd">
<hibernate-mapping>
    <class name="kr.human.hibernate.vo.Student" table="STUDENT">
        <id name="id" type="int" column="id">
            <generator class="sequence">
            	<param name="sequence">student_id_seq</param>
            </generator>
        </id>
        <property name="firstName" column="FIRST_NAME" type="string" />
        <property name="lastName" column="LAST_NAME" type="string" />
        <property name="section" column="SECTION" type="string" />
    </class>
</hibernate-mapping>