<?xml version="1.0" encoding="UTF-8"?>
<beans xmlns="http://www.springframework.org/schema/beans"
	xmlns:xsi="http://www.w3.org/2001/XMLSchema-instance"
	xsi:schemaLocation="http://www.springframework.org/schema/beans http://www.springframework.org/schema/beans/spring-beans.xsd">

	<!-- 1. 기본 생성자를 이용한 객체 등록 -->
	<bean name="emp1" class="kr.human.di.vo.EmpVO" />

	<!-- 2. 인수가 2개인 생성자를 이용한 객체 등록 -->
	<bean name="emp2" class="kr.human.di.vo.EmpVO">
		<constructor-arg>
			<value>1001</value>
		</constructor-arg>
		<constructor-arg value="한사람" />
	</bean>

	<!-- 타입을 지정하면 순서에 상관없다(단 유일한 경우만 가능하다) -->
	<bean name="emp3" class="kr.human.di.vo.EmpVO">
		<constructor-arg value="세사람" type="java.lang.String" />
		<constructor-arg type="int">
			<value>1003</value>
		</constructor-arg>
	</bean>

	<!-- 타입을 지정하지 않고 순서를 지정해서 주입 -->
	<bean name="emp4" class="kr.human.di.vo.EmpVO">
		<constructor-arg value="네사람" index="1"/>
		<constructor-arg value="1004" index="0"/>
	</bean>
	
	<!-- 타입과 순서를 모두 지정해서 주입 -->
	<bean name="emp5" class="kr.human.di.vo.EmpVO">
		<constructor-arg value="오사람" index="1" type="java.lang.String"/>
		<constructor-arg value="1005" index="0" type="int"/>
	</bean>
	

	<!-- 3. setter를 통한 주입 -->
	<bean name="emp6" class="kr.human.di.vo.EmpVO">
		<property name="id">
			<value>1006</value>
		</property>
		<property name="name" value="육사람" />
	</bean>
	
	<bean name="emp7" class="kr.human.di.vo.EmpVO">
		<property name="name" value="칠사람" />
		<property name="id" value="1007" />
	</bean>

	<!-- 4. 생성자와 setter를 섞어서 주입 -->
	
	<bean name="emp8" class="kr.human.di.vo.EmpVO">
		<constructor-arg value="팔사람" />
		<property name="id" value="1008" />
	</bean>

	<bean name="emp9" class="kr.human.di.vo.EmpVO">
		<property name="id" value="1009" />
		<constructor-arg value="구사람" />
	</bean>

	<bean name="emp10" class="kr.human.di.vo.EmpVO">
		<constructor-arg value="1010" type="int" />
		<property name="name" value="열사람" />
	</bean>
</beans>
