<?xml version="1.0" encoding="UTF-8"?>
<beans xmlns="http://www.springframework.org/schema/beans"
	xmlns:xsi="http://www.w3.org/2001/XMLSchema-instance"
	xsi:schemaLocation="http://www.springframework.org/schema/beans http://www.springframework.org/schema/beans/spring-beans.xsd">

	<bean name="answer1" class="kr.human.di.vo.AnswerVO">
		<property name="id" value="2"/>
		<property name="answer" value="크크크킄"/>
		<property name="postedDate" value="05/09/2012"/>
	</bean>

	<bean name="user1" class="kr.human.di.vo.UserVO">
		<property name="id" value="2"/>
		<property name="name" value="크크크킄의 이메일"/>
		<property name="email" value="kkkkk@gmail.com"/>
	</bean>


	<bean name="q1" class="kr.human.di.vo.QuestionVO">
		<constructor-arg value="1"/>
		<constructor-arg value="한사람"/>
		<constructor-arg>
			<map>
				<entry key-ref="answer1" value-ref="user1"></entry>
			</map>
		</constructor-arg>
	
	</bean>

</beans>
