<?xml version="1.0" encoding="UTF-8"?>
<!DOCTYPE mapper
  PUBLIC "-//mybatis.org//DTD Mapper 3.0//EN"
  "http://mybatis.org/dtd/mybatis-3-mapper.dtd">
<mapper namespace="kr.human.mvc08.dao.MemoDAO">
	
	<select id="selectCount" resultType="int">
		select count(*) from memo
	</select>
   
   
   	<select id="selectByIdx" parameterType="int" resultType="MemoVO">
   		select * from memo where idx=#{idx}   	
   	</select>
   
   
   <select id="selectList" resultType="MemoVO"> 
   		select * from memo order by idx desc
   </select>
   
   
   <insert id="insert" parameterType="MemoVO">
   		insert into memo values(memo_idx_seq.nextval, #{name}, #{password}, #{content}, sysdate)
   </insert>
   
   
   <update id="update" parameterType="MemoVO">
   		update memo set content=#{content} , regDate = sysdate where idx=#{idx}   
   </update>
   
   
   <delete id="delete" parameterType="int">
   		delete from memo where idx=#{idx}
   </delete>
   
</mapper>