<?xml version="1.0" encoding="UTF-8"?>
<beans xmlns="http://www.springframework.org/schema/beans"
	xmlns:xsi="http://www.w3.org/2001/XMLSchema-instance"
	xmlns:aop="http://www.springframework.org/schema/aop"
	xsi:schemaLocation="http://www.springframework.org/schema/beans http://www.springframework.org/schema/beans/spring-beans.xsd
		http://www.springframework.org/schema/aop http://www.springframework.org/schema/aop/spring-aop-4.3.xsd">

	<!-- 빈 등록 -->
	<bean id="employeeService" class="kr.human.aop.service.EmployeeServiceImpl" />

	<!-- AOP에 사용될 빈 등록 -->
	<bean id="loggingAspectBean" class="kr.human.aop.aspect.EmployeeAspect"/>	
	
	<!-- AOP 설정 -->
	<aop:config>
		<!-- PointCut(적용될 위치) 정의 -->
		<aop:pointcut expression="execution(* kr.human.aop.service.EmployeeServiceImpl.select*(int))" id="loggingOperation"/>
		
		<!-- AOP 적용 : Aspect -->
		<aop:aspect id="loggingAspect" ref="loggingAspectBean">
			<!-- AOP Advice -->
			<aop:before method="beforeLog" pointcut-ref="loggingOperation"/>	<!-- 메서드 시작전 -->
		</aop:aspect>
	</aop:config>

</beans>
