<?xml version="1.0" encoding="UTF-8"?>
<beans xmlns="http://www.springframework.org/schema/beans"
	xmlns:xsi="http://www.w3.org/2001/XMLSchema-instance"
	xsi:schemaLocation="http://www.springframework.org/schema/beans http://www.springframework.org/schema/beans/spring-beans.xsd">

	<bean name="license" class="kr.human.di.vo.License">
		<property name="number" value="경기 22-001010"></property>
	</bean>

	<bean name="driver1" class="kr.human.di.vo.Driver">
		<property name="license" ref="license"></property>
	</bean>

	<!-- autowire="no" : 자동으로 주입하지 말어라. -->
	<bean name="driver2" class="kr.human.di.vo.Driver" autowire="no"></bean>


</beans>
