<?xml version="1.0" encoding="UTF-8"?>
<beans xmlns="http://www.springframework.org/schema/beans"
	xmlns:xsi="http://www.w3.org/2001/XMLSchema-instance"
	xmlns:context="http://www.springframework.org/schema/context"
	xsi:schemaLocation="http://www.springframework.org/schema/beans https://www.springframework.org/schema/beans/spring-beans.xsd
		http://www.springframework.org/schema/context http://www.springframework.org/schema/context/spring-context-4.3.xsd">
	
	<!-- Root Context: defines shared resources visible to all other web components -->
	
	<context:property-placeholder location="classpath:jdbc.properties"/>
	
	<bean id="dataSource" class="org.springframework.jdbc.datasource.DriverManagerDataSource">
		<property name="driverClassName" value="${o.driver}" />
		<property name="url" value="${o.url}" />
		<property name="username" value="${o.username}" />
		<property name="password" value="${o.password}" />
	</bean>
	
	<!-- 3. JdbcTemplate 빈을 등록한다. 생성자로 주입해도 되고 Setter로 주입해도 됩니다. -->
   <bean id="jdbcTemplate" class="org.springframework.jdbc.core.JdbcTemplate">
      <property name="dataSource" ref="dataSource"></property>
   </bean>

   <!-- 4. Mybatis 빈 등록 -->   
   <bean id="sqlSessionFactory" class="org.mybatis.spring.SqlSessionFactoryBean">
      <property name="dataSource" ref="dataSource"></property>
      <property name="typeAliasesPackage" value="kr.human.mvc08.vo"></property>
      <property name="mapperLocations" value="classpath:/kr/human/mvc08/dao/*.xml"></property>
   </bean>
   <!-- 5. 다음의 빈을 등록해야 DAOImpl을 만들지 않아도 된다. -->
   <bean class="org.mybatis.spring.mapper.MapperScannerConfigurer">
      <property name="basePackage" value="kr.human.mvc08.dao"></property>
      <property name="sqlSessionFactoryBeanName" value="sqlSessionFactory"></property>
   </bean>
</beans>
